{
	"easycom": {
		"^u-(.*)": "uview-ui/components/u-$1/u-$1.vue"
	},
	"tabBar": {
		"color": "#7A7E83",
		"selectedColor": "#FF332D",
		"borderStyle": "black",
		"backgroundColor": "#ffffff",
		"list": [{
				"pagePath": "pages/tabBar/home",
				"iconPath": "static/home1.png",
				"selectedIconPath": "static/home1.png",
				"text": "主页"
			}, {
				"pagePath": "pages/tabBar/push",
				"iconPath": "static/push.png",
				"selectedIconPath": "static/push.png",
				"text": "发布"
			},
			{
				"pagePath": "pages/tabBar/me",
				"iconPath": "static/me.png",
				"selectedIconPath": "static/me.png",
				"text": "我的"
			}
		]
	},
	"pages": [ //pages数组中第一项表示应用启动页，参考：https://uniapp.dcloud.io/collocation/pages
		{
			"path": "pages/login/login",
			"style": {
				"navigationBarTitleText": "登录招商团",
				"enablePullDownRefresh": false
			}
		},
		{
			"path": "pages/index/index",
			"style": {
				"navigationBarTitleText": "uni-app",
				"enablePullDownRefresh": true
			}
		}
	    ,{
            "path" : "pages/login/VerificationCodeLogin",
            "style" :                                                                                    
            {
                "navigationBarTitleText": "手机验证码登录",
                "enablePullDownRefresh": false
            }
            
        }
        ,{
            "path" : "pages/login/bindPhone",
            "style" :                                                                                    
            {
                "navigationBarTitleText": "绑定手机号",
                "enablePullDownRefresh": false
            }
            
        }
        ,{
            "path" : "pages/tabBar/home",
            "style" :                                                                                    
            {
                "navigationBarTitleText": "首页",
                "enablePullDownRefresh": true
            }
            
        }
        ,{
            "path" : "pages/tabBar/push",
            "style" :                                                                                    
            {
                "navigationBarTitleText": "发布",
                "enablePullDownRefresh": false
            }
            
        }
        ,{
            "path" : "pages/tabBar/me",
            "style" :                                                                                    
            {
                "navigationBarTitleText": "我的",
                "enablePullDownRefresh": false
            }
            
        }
        ,{
            "path" : "pages/mian/mainDetails",
            "style" :                                                                                    
            {
                "navigationBarTitleText": "",
                "enablePullDownRefresh": false
            }
            
        }
        ,{
            "path" : "pages/my/persionDetail",
            "style" :                                                                                    
            {
                "navigationBarTitleText": "个人宣言",
                "enablePullDownRefresh": false
            }
            
        }
        ,{
            "path" : "pages/currency/bigimg",
            "style" :                                                                                    
            {
                "navigationBarTitleText": "浏览图片",
                "enablePullDownRefresh": false
            }
            
        }
        
    ],
	"globalStyle": {
		"navigationBarTextStyle": "black",
		"navigationBarTitleText": "uni-app",
		"navigationBarBackgroundColor": "#F8F8F8",
		"backgroundColor": "#F8F8F8"
	}
}
